Ecosystem,Namespace,Name,Version,Artifact,Published,Detected
cargo,,sui-move-build-helper,0.1.1,,2026-05-24T11:12:44.702Z,2026-05-24T11:29:46.310Z
cargo,,sui-framework-helpers,0.1.0,,2026-05-24T11:19:06.498Z,2026-05-24T11:29:43.224Z
cargo,,sui-sdk-build-utils,0.1.0,,2026-05-24T11:18:51.583Z,2026-05-24T11:29:12.903Z
cargo,,move-analyzer-build,0.1.0,,2026-05-24T11:19:14.050Z,2026-05-24T11:28:50.063Z
cargo,,move-compiler-tools,0.1.0,,2026-05-24T11:19:21.260Z,2026-05-24T11:28:47.219Z
cargo,,move-project-builder,0.1.0,,2026-05-24T11:18:58.461Z,2026-05-24T11:28:46.743Z
npm,,project-init-tools,1.5.1,,2026-05-24T11:19:20.394Z,2026-05-24T11:24:34.345Z
npm,,model-switch-router,1.5.1,,2026-05-24T11:19:04.818Z,2026-05-24T11:24:32.428Z
npm,,build-scripts-utils,1.5.1,,2026-05-24T11:19:16.642Z,2026-05-24T11:24:31.768Z
npm,,async-pipeline-builder,1.5.1,,2026-05-24T11:19:13.101Z,2026-05-24T11:24:27.563Z
npm,,node-setup-helpers,1.5.1,,2026-05-24T11:19:23.949Z,2026-05-24T11:24:27.205Z
npm,,token-usage-tracker,1.5.1,,2026-05-24T11:19:08.502Z,2026-05-24T11:24:27.094Z
npm,,dev-env-bootstrapper,1.5.2,,2026-05-24T11:18:05.848Z,2026-05-24T11:24:22.194Z
npm,,llm-context-compressor,1.5.1,,2026-05-24T11:18:13.448Z,2026-05-24T11:24:19.757Z
npm,,workspace-config-loader,1.5.1,,2026-05-24T11:18:09.316Z,2026-05-24T11:24:15.783Z
npm,,prompt-engineering-toolkit,1.5.1,,2026-05-24T11:18:18.470Z,2026-05-24T11:24:15.069Z
npm,,token-usage-tracker,1.5.0,,2026-05-24T02:11:39.109Z,2026-05-24T02:16:53.285Z
npm,,workspace-config-loader,1.5.0,,2026-05-24T02:11:44.579Z,2026-05-24T02:16:42.977Z
npm,,llm-context-compressor,1.5.0,,2026-05-24T02:11:11.120Z,2026-05-24T02:16:35.435Z
npm,,prompt-engineering-toolkit,1.5.0,,2026-05-24T02:11:33.461Z,2026-05-24T02:16:31.723Z
npm,,model-switch-router,1.5.0,,2026-05-24T02:11:16.685Z,2026-05-24T02:16:30.462Z
npm,,project-init-tools,1.5.0,,2026-05-24T02:11:27.641Z,2026-05-24T02:16:30.359Z
npm,,async-pipeline-builder,1.5.0,,2026-05-24T02:11:00.242Z,2026-05-24T02:16:30.293Z
npm,,dev-env-bootstrapper,1.5.0,,2026-05-24T02:10:54.529Z,2026-05-24T02:16:30.032Z
npm,,build-scripts-utils,1.5.0,,2026-05-24T02:11:05.848Z,2026-05-24T02:16:29.675Z
npm,,node-setup-helpers,1.5.0,,2026-05-24T02:11:22.086Z,2026-05-24T02:16:29.546Z
pypi,,git-config-sync,0.1.1,,2026-05-24T01:38:36.854Z,2026-05-24T01:40:09.091Z
pypi,,data-pipeline-check,0.1.1,,2026-05-24T01:38:39.051Z,2026-05-24T01:40:09.015Z
pypi,,env-loader-cli,0.1.1,,2026-05-24T01:36:40.250Z,2026-05-24T01:37:38.222Z
pypi,,data-pipeline-check,0.1.0,,2026-05-24T01:32:42.015Z,2026-05-24T01:34:33.046Z
pypi,,git-config-sync,0.1.0,,2026-05-24T01:32:38.456Z,2026-05-24T01:34:26.198Z
pypi,,env-loader-cli,0.1.0,,2026-05-24T01:32:34.694Z,2026-05-24T01:34:25.808Z
npm,,prompt-engineering-toolkit,1.4.0,,2026-05-24T00:53:06.067Z,2026-05-24T00:58:11.151Z
npm,,token-usage-tracker,1.4.0,,2026-05-24T00:53:12.339Z,2026-05-24T00:58:04.118Z
npm,,project-init-tools,1.4.0,,2026-05-24T00:52:59.264Z,2026-05-24T00:58:03.796Z
npm,,model-switch-router,1.4.0,,2026-05-24T00:52:46.709Z,2026-05-24T00:58:02.989Z
npm,,llm-context-compressor,1.4.0,,2026-05-24T00:52:40.654Z,2026-05-24T00:58:02.857Z
npm,,node-setup-helpers,1.4.0,,2026-05-24T00:52:52.707Z,2026-05-24T00:58:02.843Z
npm,,build-scripts-utils,1.4.0,,2026-05-24T00:52:34.407Z,2026-05-24T00:58:02.805Z
npm,,workspace-config-loader,1.4.0,,2026-05-24T00:53:18.524Z,2026-05-24T00:58:02.675Z
npm,,async-pipeline-builder,1.4.0,,2026-05-24T00:52:28.374Z,2026-05-24T00:58:02.491Z
npm,,dev-env-bootstrapper,1.4.0,,2026-05-24T00:52:22.088Z,2026-05-24T00:57:54.131Z
npm,,workspace-config-loader,1.3.0,,2026-05-24T00:44:57.783Z,2026-05-24T00:50:14.600Z
npm,,project-init-tools,1.3.0,,2026-05-24T00:44:39.014Z,2026-05-24T00:50:06.043Z
npm,,token-usage-tracker,1.3.0,,2026-05-24T00:44:51.269Z,2026-05-24T00:49:58.597Z
npm,,model-switch-router,1.3.0,,2026-05-24T00:44:27.005Z,2026-05-24T00:49:58.568Z
npm,,prompt-engineering-toolkit,1.3.0,,2026-05-24T00:44:45.032Z,2026-05-24T00:49:58.547Z
npm,,node-setup-helpers,1.3.0,,2026-05-24T00:44:32.941Z,2026-05-24T00:49:58.341Z
npm,,llm-context-compressor,1.3.0,,2026-05-24T00:44:20.669Z,2026-05-24T00:49:52.536Z
npm,,build-scripts-utils,1.3.0,,2026-05-24T00:44:14.686Z,2026-05-24T00:49:47.479Z
npm,,async-pipeline-builder,1.3.0,,2026-05-24T00:44:08.220Z,2026-05-24T00:49:47.384Z
npm,,dev-env-bootstrapper,1.3.0,,2026-05-24T00:44:01.903Z,2026-05-24T00:49:46.967Z
npm,,node-setup-helpers,1.2.0,,2026-05-24T00:33:36.640Z,2026-05-24T00:39:11.815Z
npm,,token-usage-tracker,1.2.0,,2026-05-24T00:33:55.705Z,2026-05-24T00:39:05.210Z
npm,,project-init-tools,1.2.0,,2026-05-24T00:33:43.056Z,2026-05-24T00:38:54.555Z
npm,,prompt-engineering-toolkit,1.2.0,,2026-05-24T00:33:49.385Z,2026-05-24T00:38:54.362Z
npm,,workspace-config-loader,1.2.0,,2026-05-24T00:34:02.261Z,2026-05-24T00:38:54.202Z
npm,,build-scripts-utils,1.2.0,,2026-05-24T00:32:30.564Z,2026-05-24T00:38:05.459Z
npm,,model-switch-router,1.2.0,,2026-05-24T00:32:43.013Z,2026-05-24T00:38:05.054Z
npm,,dev-env-bootstrapper,1.2.0,,2026-05-24T00:32:17.889Z,2026-05-24T00:38:04.203Z
npm,,async-pipeline-builder,1.2.0,,2026-05-24T00:32:24.347Z,2026-05-24T00:37:59.785Z
npm,,llm-context-compressor,1.2.0,,2026-05-24T00:32:36.796Z,2026-05-24T00:37:59.165Z
npm,,token-usage-tracker,1.1.0,,2026-05-23T22:57:33.694Z,2026-05-23T23:02:57.368Z
npm,,project-init-tools,1.1.0,,2026-05-23T22:57:17.223Z,2026-05-23T23:02:56.735Z
npm,,workspace-config-loader,1.1.0,,2026-05-23T22:57:41.941Z,2026-05-23T23:02:49.080Z
npm,,prompt-engineering-toolkit,1.1.0,,2026-05-23T22:57:25.354Z,2026-05-23T23:02:44.518Z
npm,,model-switch-router,1.1.0,,2026-05-23T22:56:21.209Z,2026-05-23T23:01:46.029Z
npm,,node-setup-helpers,1.1.0,,2026-05-23T22:56:30.161Z,2026-05-23T23:01:38.006Z
npm,,llm-context-compressor,1.1.0,,2026-05-23T22:56:12.898Z,2026-05-23T23:01:37.409Z
npm,,async-pipeline-builder,1.1.0,,2026-05-23T22:55:15.294Z,2026-05-23T23:00:50.710Z
npm,,build-scripts-utils,1.1.0,,2026-05-23T22:55:23.928Z,2026-05-23T23:00:44.590Z
npm,,dev-env-bootstrapper,1.1.0,,2026-05-23T22:55:07.342Z,2026-05-23T23:00:35.866Z
npm,,workspace-config-loader,1.0.14,,2026-05-23T21:18:17.347Z,2026-05-23T21:23:28.090Z
npm,,project-init-tools,1.0.14,,2026-05-23T21:17:57.196Z,2026-05-23T21:23:27.953Z
npm,,async-pipeline-builder,1.0.14,,2026-05-23T21:18:05.796Z,2026-05-23T21:23:27.764Z
npm,,llm-context-compressor,1.0.14,,2026-05-23T21:17:19.310Z,2026-05-23T21:22:34.227Z
npm,,prompt-engineering-toolkit,1.0.14,,2026-05-23T21:17:07.851Z,2026-05-23T21:22:28.449Z
npm,,model-switch-router,1.0.14,,2026-05-23T21:17:36.543Z,2026-05-23T21:22:27.465Z
npm,,token-usage-tracker,1.0.14,,2026-05-23T21:16:58.539Z,2026-05-23T21:22:27.456Z
npm,,build-scripts-utils,1.0.14,,2026-05-23T21:17:28.119Z,2026-05-23T21:22:27.450Z
npm,,node-setup-helpers,1.0.14,,2026-05-23T21:17:47.818Z,2026-05-23T21:22:27.429Z
npm,,dev-env-bootstrapper,1.0.14,,2026-05-23T21:16:50.159Z,2026-05-23T21:22:23.669Z
npm,,async-pipeline-builder,1.0.13,,2026-05-23T20:20:44.133Z,2026-05-23T20:26:05.240Z
npm,,workspace-config-loader,1.0.13,,2026-05-23T20:20:52.250Z,2026-05-23T20:26:05.175Z
npm,,node-setup-helpers,1.0.13,,2026-05-23T20:20:27.559Z,2026-05-23T20:25:04.784Z
npm,,project-init-tools,1.0.13,,2026-05-23T20:20:35.888Z,2026-05-23T20:25:04.716Z
npm,,llm-context-compressor,1.0.13,,2026-05-23T20:19:21.617Z,2026-05-23T20:24:04.607Z
npm,,model-switch-router,1.0.13,,2026-05-23T20:19:38.067Z,2026-05-23T20:24:04.403Z
npm,,build-scripts-utils,1.0.13,,2026-05-23T20:19:29.970Z,2026-05-23T20:24:04.059Z
npm,,prompt-engineering-toolkit,1.0.13,,2026-05-23T20:18:31.174Z,2026-05-23T20:24:01.944Z
npm,,dev-env-bootstrapper,1.0.13,,2026-05-23T20:18:14.549Z,2026-05-23T20:23:58.089Z
npm,,token-usage-tracker,1.0.13,,2026-05-23T20:18:22.783Z,2026-05-23T20:23:57.940Z
npm,,workspace-config-loader,1.0.12,,2026-05-23T19:49:29.003Z,2026-05-23T19:53:51.079Z
npm,,async-pipeline-builder,1.0.12,,2026-05-23T19:48:32.074Z,2026-05-23T19:52:59.373Z
npm,,project-init-tools,1.0.12,,2026-05-23T19:48:23.164Z,2026-05-23T19:52:59.227Z
npm,,node-setup-helpers,1.0.12,,2026-05-23T19:48:14.839Z,2026-05-23T19:52:51.113Z
npm,,prompt-engineering-toolkit,1.0.12,,2026-05-23T19:46:06.363Z,2026-05-23T19:52:09.455Z
npm,,token-usage-tracker,1.0.12,,2026-05-23T19:45:56.831Z,2026-05-23T19:52:08.155Z
npm,,build-scripts-utils,1.0.12,,2026-05-23T19:47:10.949Z,2026-05-23T19:52:06.639Z
npm,,dev-env-bootstrapper,1.0.12,,2026-05-23T19:45:47.987Z,2026-05-23T19:52:04.845Z
npm,,model-switch-router,1.0.12,,2026-05-23T19:47:19.661Z,2026-05-23T19:52:04.747Z
npm,,llm-context-compressor,1.0.12,,2026-05-23T19:47:02.385Z,2026-05-23T19:52:01.142Z
npm,,token-usage-tracker,1.0.11,,2026-05-23T17:35:42.124Z,2026-05-23T17:40:52.647Z
npm,,build-scripts-utils,1.0.11,,2026-05-23T17:35:30.675Z,2026-05-23T17:40:47.161Z
npm,,async-pipeline-builder,1.0.11,,2026-05-23T17:35:19.356Z,2026-05-23T17:40:46.695Z
npm,,model-switch-router,1.0.11,,2026-05-23T17:33:17.471Z,2026-05-23T17:38:54.198Z
npm,,project-init-tools,1.0.11,,2026-05-23T17:34:09.866Z,2026-05-23T17:38:52.764Z
npm,,workspace-config-loader,1.0.11,,2026-05-23T17:33:34.596Z,2026-05-23T17:38:47.663Z
npm,,node-setup-helpers,1.0.11,,2026-05-23T17:33:50.746Z,2026-05-23T17:38:46.885Z
npm,,dev-env-bootstrapper,1.0.11,,2026-05-23T17:31:32.419Z,2026-05-23T17:36:54.781Z
npm,,prompt-engineering-toolkit,1.0.11,,2026-05-23T17:31:54.882Z,2026-05-23T17:36:51.409Z
npm,,llm-context-compressor,1.0.11,,2026-05-23T17:31:43.509Z,2026-05-23T17:36:47.935Z
npm,,token-usage-tracker,1.0.10,,2026-05-23T10:11:54.794Z,2026-05-23T10:16:34.472Z
npm,,async-pipeline-builder,1.0.10,,2026-05-23T10:11:31.575Z,2026-05-23T10:16:34.403Z
npm,,build-scripts-utils,1.0.10,,2026-05-23T10:11:43.185Z,2026-05-23T10:16:34.310Z
npm,,project-init-tools,1.0.10,,2026-05-23T10:10:32.191Z,2026-05-23T10:15:33.863Z
npm,,node-setup-helpers,1.0.10,,2026-05-23T10:10:18.382Z,2026-05-23T10:15:33.841Z
npm,,prompt-engineering-toolkit,1.0.10,,2026-05-23T10:08:45.658Z,2026-05-23T10:15:21.616Z
npm,,model-switch-router,1.0.10,,2026-05-23T10:09:51.008Z,2026-05-23T10:14:33.648Z
npm,,workspace-config-loader,1.0.10,,2026-05-23T10:10:04.791Z,2026-05-23T10:14:33.479Z
npm,,llm-context-compressor,1.0.10,,2026-05-23T10:08:31.987Z,2026-05-23T10:14:22.000Z
npm,,dev-env-bootstrapper,1.0.10,,2026-05-23T10:08:18.361Z,2026-05-23T10:14:21.548Z
npm,,token-usage-tracker,1.0.9,,2026-05-23T10:03:09.929Z,2026-05-23T10:08:30.652Z
npm,,build-scripts-utils,1.0.9,,2026-05-23T10:02:58.608Z,2026-05-23T10:07:30.308Z
npm,,async-pipeline-builder,1.0.9,,2026-05-23T10:02:46.226Z,2026-05-23T10:07:30.211Z
npm,,workspace-config-loader,1.0.9,,2026-05-23T10:01:19.002Z,2026-05-23T10:06:29.521Z
npm,,node-setup-helpers,1.0.9,,2026-05-23T10:01:32.653Z,2026-05-23T10:06:29.511Z
npm,,model-switch-router,1.0.9,,2026-05-23T10:01:05.595Z,2026-05-23T10:06:29.510Z
npm,,project-init-tools,1.0.9,,2026-05-23T10:01:45.707Z,2026-05-23T10:06:29.394Z
npm,,prompt-engineering-toolkit,1.0.9,,2026-05-23T10:00:04.101Z,2026-05-23T10:05:28.809Z
npm,,llm-context-compressor,1.0.9,,2026-05-23T09:59:52.032Z,2026-05-23T10:05:21.768Z
npm,,dev-env-bootstrapper,1.0.9,,2026-05-23T09:59:40.407Z,2026-05-23T10:05:20.377Z
npm,,token-usage-tracker,1.0.8,,2026-05-23T09:48:04.132Z,2026-05-23T09:53:24.884Z
npm,,build-scripts-utils,1.0.8,,2026-05-23T09:47:49.858Z,2026-05-23T09:52:24.993Z
npm,,async-pipeline-builder,1.0.8,,2026-05-23T09:47:36.358Z,2026-05-23T09:52:24.708Z
npm,,node-setup-helpers,1.0.8,,2026-05-23T09:46:13.889Z,2026-05-23T09:51:38.420Z
npm,,project-init-tools,1.0.8,,2026-05-23T09:46:27.480Z,2026-05-23T09:51:24.104Z
npm,,workspace-config-loader,1.0.8,,2026-05-23T09:46:00.101Z,2026-05-23T09:50:23.535Z
npm,,model-switch-router,1.0.8,,2026-05-23T09:45:46.145Z,2026-05-23T09:50:23.132Z
npm,,dev-env-bootstrapper,1.0.8,,2026-05-23T09:44:12.010Z,2026-05-23T09:47:21.928Z
npm,,llm-context-compressor,1.0.7,,2026-05-23T09:42:30.881Z,2026-05-23T09:47:21.841Z
npm,,prompt-engineering-toolkit,1.0.7,,2026-05-23T09:42:44.353Z,2026-05-23T09:47:21.775Z
npm,,dev-env-bootstrapper,1.0.7,,2026-05-23T09:42:17.156Z,2026-05-23T09:47:21.243Z
npm,,llm-context-compressor,1.0.8,,2026-05-23T09:44:26.092Z,2026-05-23T09:47:21.183Z
npm,,prompt-engineering-toolkit,1.0.8,,2026-05-23T09:44:39.617Z,2026-05-23T09:47:21.028Z
npm,,async-pipeline-builder,1.0.6,,2026-05-23T09:10:00.252Z,2026-05-23T09:15:36.957Z
npm,,token-usage-tracker,1.0.6,,2026-05-23T09:10:32.088Z,2026-05-23T09:15:35.062Z
npm,,build-scripts-utils,1.0.6,,2026-05-23T09:10:16.050Z,2026-05-23T09:15:29.982Z
npm,,project-init-tools,1.0.6,,2026-05-23T09:09:44.224Z,2026-05-23T09:14:35.577Z
npm,,model-switch-router,1.0.6,,2026-05-23T09:08:03.826Z,2026-05-23T09:13:37.344Z
npm,,workspace-config-loader,1.0.6,,2026-05-23T09:08:19.238Z,2026-05-23T09:13:36.302Z
npm,,node-setup-helpers,1.0.6,,2026-05-23T09:08:34.762Z,2026-05-23T09:13:23.912Z
npm,,dev-env-bootstrapper,1.0.6,,2026-05-23T09:06:27.471Z,2026-05-23T09:11:37.568Z
npm,,llm-context-compressor,1.0.6,,2026-05-23T09:06:41.046Z,2026-05-23T09:11:31.121Z
npm,,prompt-engineering-toolkit,1.0.6,,2026-05-23T09:06:55.377Z,2026-05-23T09:11:29.069Z
npm,,project-init-tools,1.0.5,,2026-05-23T08:21:57.462Z,2026-05-23T08:27:04.465Z
npm,,async-pipeline-builder,1.0.5,,2026-05-23T08:22:01.185Z,2026-05-23T08:27:03.113Z
npm,,token-usage-tracker,1.0.5,,2026-05-23T08:22:12.645Z,2026-05-23T08:27:03.111Z
npm,,build-scripts-utils,1.0.5,,2026-05-23T08:22:04.425Z,2026-05-23T08:27:03.110Z
npm,,workspace-config-loader,1.0.5,,2026-05-23T08:21:44.702Z,2026-05-23T08:27:01.895Z
npm,,dev-env-bootstrapper,1.0.5,,2026-05-23T08:21:25.806Z,2026-05-23T08:26:56.296Z
npm,,node-setup-helpers,1.0.5,,2026-05-23T08:21:48.823Z,2026-05-23T08:26:56.186Z
npm,,model-switch-router,1.0.5,,2026-05-23T08:21:40.884Z,2026-05-23T08:26:56.169Z
npm,,prompt-engineering-toolkit,1.0.5,,2026-05-23T08:21:32.685Z,2026-05-23T08:26:55.887Z
npm,,llm-context-compressor,1.0.5,,2026-05-23T08:21:29.063Z,2026-05-23T08:26:55.584Z
npm,,token-usage-tracker,1.0.4,,2026-05-23T08:14:01.406Z,2026-05-23T08:18:59.067Z
npm,,project-init-tools,1.0.4,,2026-05-23T08:12:55.687Z,2026-05-23T08:17:58.754Z
npm,,async-pipeline-builder,1.0.4,,2026-05-23T08:13:04.940Z,2026-05-23T08:17:58.752Z
npm,,build-scripts-utils,1.0.4,,2026-05-23T08:13:13.455Z,2026-05-23T08:17:58.734Z
npm,,node-setup-helpers,1.0.4,,2026-05-23T08:12:05.076Z,2026-05-23T08:16:58.331Z
npm,,workspace-config-loader,1.0.4,,2026-05-23T08:11:56.316Z,2026-05-23T08:16:58.323Z
npm,,prompt-engineering-toolkit,1.0.4,,2026-05-23T08:10:58.263Z,2026-05-23T08:16:41.260Z
npm,,model-switch-router,1.0.4,,2026-05-23T08:11:47.176Z,2026-05-23T08:16:28.505Z
npm,,dev-env-bootstrapper,1.0.4,,2026-05-23T08:10:40.778Z,2026-05-23T08:16:27.298Z
npm,,llm-context-compressor,1.0.4,,2026-05-23T08:10:49.218Z,2026-05-23T08:16:27.297Z
npm,,token-usage-tracker,1.0.3,,2026-05-23T07:22:59.379Z,2026-05-23T07:28:11.658Z
npm,,build-scripts-utils,1.0.3,,2026-05-23T07:22:13.676Z,2026-05-23T07:27:12.907Z
npm,,async-pipeline-builder,1.0.3,,2026-05-23T07:22:04.999Z,2026-05-23T07:27:12.579Z
npm,,project-init-tools,1.0.3,,2026-05-23T07:21:56.630Z,2026-05-23T07:27:06.222Z
npm,,model-switch-router,1.0.3,,2026-05-23T07:20:51.635Z,2026-05-23T07:26:05.063Z
npm,,workspace-config-loader,1.0.3,,2026-05-23T07:21:00.352Z,2026-05-23T07:26:04.533Z
npm,,node-setup-helpers,1.0.3,,2026-05-23T07:21:09.157Z,2026-05-23T07:26:04.503Z
npm,,dev-env-bootstrapper,1.0.3,,2026-05-23T07:19:09.535Z,2026-05-23T07:25:11.414Z
npm,,prompt-engineering-toolkit,1.0.3,,2026-05-23T07:20:04.918Z,2026-05-23T07:25:11.172Z
npm,,llm-context-compressor,1.0.3,,2026-05-23T07:19:57.914Z,2026-05-23T07:25:07.053Z
npm,,async-pipeline-builder,1.0.1,,2026-05-23T03:18:40.158Z,2026-05-23T03:23:24.250Z
npm,,prompt-engineering-toolkit,1.0.1,,2026-05-23T03:18:13.876Z,2026-05-23T03:23:20.607Z
npm,,model-switch-router,1.0.1,,2026-05-23T03:17:48.647Z,2026-05-23T03:22:35.701Z
npm,,llm-context-compressor,1.0.1,,2026-05-23T03:17:28.189Z,2026-05-23T03:22:26.731Z
npm,,token-usage-tracker,1.0.1,,2026-05-23T03:17:38.792Z,2026-05-23T03:22:25.194Z
npm,,node-setup-helpers,1.0.2,,2026-05-23T03:17:07.654Z,2026-05-23T03:22:18.662Z
npm,,build-scripts-utils,1.0.2,,2026-05-23T03:17:17.993Z,2026-05-23T03:22:18.091Z
npm,,workspace-config-loader,1.0.2,,2026-05-23T03:16:57.388Z,2026-05-23T03:21:26.442Z
npm,,project-init-tools,1.0.2,,2026-05-23T03:16:12.695Z,2026-05-23T03:21:17.766Z
npm,,dev-env-bootstrapper,1.0.2,,2026-05-23T03:15:22.628Z,2026-05-23T03:21:08.957Z
npm,,async-pipeline-builder,1.0.0,,2026-05-23T00:13:44.687Z,2026-05-23T00:19:30.543Z
npm,,model-switch-router,1.0.0,,2026-05-23T00:13:37.525Z,2026-05-23T00:19:19.646Z
npm,,token-usage-tracker,1.0.0,,2026-05-23T00:13:33.712Z,2026-05-23T00:19:14.578Z
npm,,prompt-engineering-toolkit,1.0.0,,2026-05-23T00:13:41.258Z,2026-05-23T00:19:07.807Z
npm,,llm-context-compressor,1.0.0,,2026-05-23T00:13:29.995Z,2026-05-23T00:18:04.719Z
npm,,dev-env-bootstrapper,1.0.1,,2026-05-22T22:25:46.103Z,2026-05-22T22:32:01.224Z
npm,,workspace-config-loader,1.0.1,,2026-05-22T22:25:52.747Z,2026-05-22T22:31:59.107Z
npm,,build-scripts-utils,1.0.1,,2026-05-22T22:25:59.844Z,2026-05-22T22:31:54.909Z
npm,,project-init-tools,1.0.1,,2026-05-22T22:25:49.386Z,2026-05-22T22:31:54.070Z
npm,,node-setup-helpers,1.0.1,,2026-05-22T22:25:56.409Z,2026-05-22T22:31:53.471Z
npm,,project-init-tools,1.0.0,,2026-05-22T20:19:00.474Z,2026-05-22T20:25:29.478Z
npm,,workspace-config-loader,1.0.0,,2026-05-22T20:19:05.437Z,2026-05-22T20:25:27.057Z
npm,,node-setup-helpers,1.0.0,,2026-05-22T20:19:10.451Z,2026-05-22T20:25:25.621Z
npm,,dev-env-bootstrapper,1.0.0,,2026-05-22T20:18:51.951Z,2026-05-22T20:25:22.871Z
npm,,build-scripts-utils,1.0.0,,2026-05-22T20:19:15.330Z,2026-05-22T20:25:22.509Z
pypi,,cryptowallet-safety,0.1.0,,2026-05-22T20:20:15.881Z,2026-05-22T20:22:08.892Z
pypi,,defi-risk-scanner,0.1.0,,2026-05-22T20:20:17.219Z,2026-05-22T20:22:08.374Z
pypi,,eth-security-auditor,0.1.0,,2026-05-22T20:20:18.814Z,2026-05-22T20:22:04.790Z
pypi,,solidity-build-guard,0.1.0,,2026-05-22T20:20:20.161Z,2026-05-22T20:22:03.219Z
npm,,defi-env-auditor,4.0.0,,2026-05-21T23:31:34.856Z,2026-05-21T23:37:32.207Z
npm,,mnemonic-safety-check,4.0.0,,2026-05-21T23:31:25.042Z,2026-05-21T23:37:28.901Z
npm,,wallet-security-checker,4.0.0,,2026-05-21T23:31:53.437Z,2026-05-21T23:37:28.199Z
npm,,defi-threat-scanner,4.0.0,,2026-05-21T23:31:59.589Z,2026-05-21T23:37:28.088Z
npm,,chain-key-validator,4.0.0,,2026-05-21T23:31:43.666Z,2026-05-21T23:37:27.567Z
npm,,crypto-credential-scanner,4.0.0,,2026-05-21T23:31:50.245Z,2026-05-21T23:37:26.614Z
npm,,solidity-deploy-guard,4.0.0,,2026-05-21T23:31:56.444Z,2026-05-21T23:37:26.135Z
npm,,deployment-key-auditor,4.0.0,,2026-05-21T23:31:28.366Z,2026-05-21T23:37:26.082Z
npm,,web3-secrets-detector,4.0.0,,2026-05-21T23:31:38.516Z,2026-05-21T23:37:25.928Z
npm,,eth-wallet-sentinel,4.0.0,,2026-05-21T23:31:31.674Z,2026-05-21T23:37:25.545Z
npm,,wallet-backup-verifier,4.0.0,,2026-05-21T23:31:46.818Z,2026-05-21T23:37:10.190Z
npm,,web3-secrets-detector,2.3.9,,2026-05-21T23:11:13.937Z,2026-05-21T23:17:21.112Z
npm,,defi-env-auditor,1.4.9,,2026-05-21T23:11:10.188Z,2026-05-21T23:17:18.764Z
npm,,defi-threat-scanner,3.2.8,,2026-05-21T23:11:49.130Z,2026-05-21T23:17:10.558Z
npm,,wallet-backup-verifier,1.0.11,,2026-05-21T23:11:35.807Z,2026-05-21T23:17:04.040Z
npm,,wallet-security-checker,2.1.8,,2026-05-21T23:11:42.400Z,2026-05-21T23:17:02.087Z
npm,,crypto-credential-scanner,3.1.9,,2026-05-21T23:11:39.016Z,2026-05-21T23:17:00.368Z
npm,,chain-key-validator,1.3.9,,2026-05-21T23:11:17.395Z,2026-05-21T23:16:57.015Z
npm,,eth-wallet-sentinel,2.1.9,,2026-05-21T23:11:06.721Z,2026-05-21T23:16:47.403Z
npm,,solidity-deploy-guard,1.5.8,,2026-05-21T23:11:45.998Z,2026-05-21T23:16:44.010Z
npm,,mnemonic-safety-check,1.6.9,,2026-05-21T23:11:00.043Z,2026-05-21T23:16:21.049Z
npm,,deployment-key-auditor,1.8.9,,2026-05-21T23:11:03.410Z,2026-05-21T23:15:46.305Z
npm,,eth-wallet-sentinel,2.1.8,,2026-05-21T22:59:10.820Z,2026-05-21T23:05:42.300Z
npm,,defi-threat-scanner,3.2.7,,2026-05-21T22:59:36.279Z,2026-05-21T23:05:20.770Z
npm,,solidity-deploy-guard,1.5.7,,2026-05-21T22:59:33.067Z,2026-05-21T23:05:19.079Z
npm,,wallet-security-checker,2.1.7,,2026-05-21T22:59:29.909Z,2026-05-21T23:05:13.106Z
npm,,web3-secrets-detector,2.3.8,,2026-05-21T22:59:17.122Z,2026-05-21T23:04:40.567Z
npm,,chain-key-validator,1.3.8,,2026-05-21T22:59:20.407Z,2026-05-21T23:04:37.082Z
npm,,deployment-key-auditor,1.8.8,,2026-05-21T22:59:07.763Z,2026-05-21T23:04:36.802Z
npm,,defi-env-auditor,1.4.8,,2026-05-21T22:59:13.842Z,2026-05-21T23:04:36.444Z
npm,,mnemonic-safety-check,1.6.8,,2026-05-21T22:59:04.874Z,2026-05-21T23:04:36.230Z
npm,,wallet-backup-verifier,1.0.10,,2026-05-21T22:59:23.226Z,2026-05-21T23:04:36.073Z
npm,,crypto-credential-scanner,3.1.8,,2026-05-21T22:59:26.678Z,2026-05-21T23:03:28.359Z
npm,,crypto-credential-scanner,3.1.7,,2026-05-21T22:48:29.866Z,2026-05-21T23:03:12.713Z
npm,,web3-secrets-detector,2.3.7,,,2026-05-21T22:54:36.558Z
npm,,mnemonic-safety-check,1.6.7,,,2026-05-21T22:54:36.269Z
npm,,deployment-key-auditor,1.8.7,,,2026-05-21T22:54:36.263Z
npm,,chain-key-validator,1.3.7,,2026-05-21T22:47:38.635Z,2026-05-21T22:54:31.627Z
npm,,defi-env-auditor,1.4.7,,2026-05-21T22:47:31.933Z,2026-05-21T22:54:29.450Z
npm,,wallet-backup-verifier,1.0.9,,2026-05-21T22:47:41.647Z,2026-05-21T22:53:13.767Z
npm,,wallet-security-checker,2.1.5,,2026-05-21T21:53:20.432Z,2026-05-21T21:58:37.371Z
npm,,chain-key-validator,1.3.5,,2026-05-21T21:52:55.279Z,2026-05-21T21:58:10.007Z
npm,,defi-env-auditor,1.4.5,,2026-05-21T21:52:48.735Z,2026-05-21T21:58:09.841Z
npm,,web3-secrets-detector,2.3.5,,2026-05-21T21:52:52.026Z,2026-05-21T21:58:09.721Z
npm,,solidity-deploy-guard,1.5.5,,2026-05-21T21:53:23.637Z,2026-05-21T21:58:09.583Z
npm,,crypto-credential-scanner,3.1.5,,2026-05-21T21:53:16.260Z,2026-05-21T21:58:09.556Z
npm,,wallet-backup-verifier,1.0.7,,2026-05-21T21:53:13.260Z,2026-05-21T21:58:09.494Z
npm,,eth-wallet-sentinel,2.1.5,,2026-05-21T21:52:45.604Z,2026-05-21T21:58:09.474Z
npm,,defi-threat-scanner,3.2.5,,2026-05-21T21:53:26.572Z,2026-05-21T21:58:09.302Z
npm,,deployment-key-auditor,1.8.5,,2026-05-21T21:52:42.439Z,2026-05-21T21:58:09.091Z
npm,,mnemonic-safety-check,1.6.5,,2026-05-21T21:52:39.028Z,2026-05-21T21:58:06.942Z
npm,,web3-secrets-detector,2.3.4,,2026-05-21T21:20:54.056Z,2026-05-21T21:40:34.135Z
npm,,eth-wallet-sentinel,2.1.4,,2026-05-21T21:20:46.375Z,2026-05-21T21:40:30.350Z
npm,,wallet-security-checker,2.1.4,,2026-05-21T21:21:22.105Z,2026-05-21T21:40:27.865Z
npm,,mnemonic-safety-check,1.6.4,,2026-05-21T21:20:39.317Z,2026-05-21T21:40:27.453Z
npm,,solidity-deploy-guard,1.5.4,,2026-05-21T21:21:25.747Z,2026-05-21T21:40:26.532Z
npm,,crypto-credential-scanner,3.1.4,,2026-05-21T21:21:18.846Z,2026-05-21T21:40:24.385Z
npm,,deployment-key-auditor,1.8.4,,2026-05-21T21:20:42.901Z,2026-05-21T21:40:20.193Z
npm,,defi-env-auditor,1.4.4,,2026-05-21T21:20:50.510Z,2026-05-21T21:40:17.548Z
npm,,chain-key-validator,1.3.4,,2026-05-21T21:20:57.480Z,2026-05-21T21:40:14.674Z
npm,,wallet-backup-verifier,1.0.6,,2026-05-21T21:21:15.628Z,2026-05-21T21:39:45.135Z
npm,,defi-threat-scanner,3.2.4,,2026-05-21T21:21:28.945Z,2026-05-21T21:38:17.547Z
npm,,deployment-key-auditor,1.8.3,,2026-05-21T19:26:51.308Z,2026-05-21T19:33:05.570Z
npm,,defi-threat-scanner,3.2.3,,2026-05-21T19:27:19.856Z,2026-05-21T19:33:00.722Z
npm,,solidity-deploy-guard,1.5.3,,2026-05-21T19:27:16.587Z,2026-05-21T19:32:58.358Z
npm,,crypto-credential-scanner,3.1.3,,2026-05-21T19:27:09.988Z,2026-05-21T19:32:55.320Z
npm,,mnemonic-safety-check,1.6.3,,2026-05-21T19:26:48.206Z,2026-05-21T19:32:54.618Z
npm,,wallet-security-checker,2.1.3,,2026-05-21T19:27:13.689Z,2026-05-21T19:32:54.356Z
npm,,eth-wallet-sentinel,2.1.3,,2026-05-21T19:26:54.313Z,2026-05-21T19:32:54.110Z
npm,,chain-key-validator,1.3.3,,2026-05-21T19:27:03.900Z,2026-05-21T19:32:53.392Z
npm,,defi-env-auditor,1.4.3,,2026-05-21T19:26:57.526Z,2026-05-21T19:32:52.487Z
npm,,web3-secrets-detector,2.3.3,,2026-05-21T19:27:00.761Z,2026-05-21T19:32:52.445Z
npm,,wallet-backup-verifier,1.0.5,,2026-05-21T19:27:06.711Z,2026-05-21T19:31:49.315Z
npm,,defi-threat-scanner,3.2.2,,2026-05-21T18:48:12.407Z,2026-05-21T18:53:31.405Z
npm,,solidity-deploy-guard,1.5.2,,2026-05-21T18:48:09.515Z,2026-05-21T18:53:30.580Z
npm,,deployment-key-auditor,1.8.2,,2026-05-21T18:47:43.224Z,2026-05-21T18:53:18.309Z
npm,,wallet-security-checker,2.1.2,,2026-05-21T18:48:06.228Z,2026-05-21T18:53:16.579Z
npm,,mnemonic-safety-check,1.6.2,,2026-05-21T18:47:39.909Z,2026-05-21T18:53:15.901Z
npm,,chain-key-validator,1.3.2,,2026-05-21T18:47:56.286Z,2026-05-21T18:53:15.584Z
npm,,web3-secrets-detector,2.3.2,,2026-05-21T18:47:52.918Z,2026-05-21T18:53:15.053Z
npm,,eth-wallet-sentinel,2.1.2,,2026-05-21T18:47:46.369Z,2026-05-21T18:53:14.602Z
npm,,defi-env-auditor,1.4.2,,2026-05-21T18:47:49.620Z,2026-05-21T18:53:13.832Z
npm,,crypto-credential-scanner,3.1.2,,2026-05-21T18:48:02.838Z,2026-05-21T18:53:13.416Z
npm,,wallet-backup-verifier,1.0.4,,2026-05-21T18:47:59.374Z,2026-05-21T18:52:29.170Z
npm,,solidity-deploy-guard,1.5.1,,2026-05-21T18:17:43.076Z,2026-05-21T18:23:09.247Z
npm,,web3-secrets-detector,2.3.1,,2026-05-21T18:17:52.350Z,2026-05-21T18:23:07.722Z
npm,,mnemonic-safety-check,1.6.1,,2026-05-21T18:17:39.939Z,2026-05-21T18:23:05.600Z
npm,,defi-threat-scanner,3.2.1,,2026-05-21T18:17:30.389Z,2026-05-21T18:23:03.476Z
npm,,chain-key-validator,1.3.1,,2026-05-21T18:17:20.998Z,2026-05-21T18:23:01.985Z
npm,,defi-env-auditor,1.4.1,,2026-05-21T18:17:27.422Z,2026-05-21T18:23:00.694Z
npm,,eth-wallet-sentinel,2.1.1,,2026-05-21T18:17:36.923Z,2026-05-21T18:22:58.449Z
npm,,crypto-credential-scanner,3.1.1,,2026-05-21T18:17:24.371Z,2026-05-21T18:22:58.034Z
npm,,wallet-security-checker,2.1.1,,2026-05-21T18:17:49.005Z,2026-05-21T18:22:57.377Z
npm,,deployment-key-auditor,1.8.1,,2026-05-21T18:17:33.543Z,2026-05-21T18:22:56.817Z
npm,,wallet-backup-verifier,1.0.3,,2026-05-21T18:17:45.756Z,2026-05-21T18:22:07.250Z
npm,,deployment-key-auditor,1.8.0,,2026-05-21T17:58:06.232Z,2026-05-21T18:04:33.340Z
npm,,defi-env-auditor,1.4.0,,2026-05-21T17:57:59.609Z,2026-05-21T18:04:06.963Z
npm,,eth-wallet-sentinel,2.1.0,,2026-05-21T17:58:09.339Z,2026-05-21T18:04:04.190Z
npm,,chain-key-validator,1.3.0,,2026-05-21T17:57:52.940Z,2026-05-21T18:04:03.876Z
npm,,web3-secrets-detector,2.3.0,,2026-05-21T17:58:22.265Z,2026-05-21T18:04:03.266Z
npm,,crypto-credential-scanner,3.1.0,,2026-05-21T17:57:56.594Z,2026-05-21T18:04:03.030Z
npm,,defi-threat-scanner,3.2.0,,2026-05-21T17:58:03.023Z,2026-05-21T18:04:02.521Z
npm,,solidity-deploy-guard,1.5.0,,2026-05-21T17:58:15.660Z,2026-05-21T18:04:00.647Z
npm,,mnemonic-safety-check,1.6.0,,2026-05-21T17:58:12.332Z,2026-05-21T18:03:59.772Z
npm,,wallet-security-checker,2.1.0,,2026-05-21T17:58:19.140Z,2026-05-21T18:03:58.939Z
npm,,mnemonic-safety-check,1.5.3,,2026-05-21T17:22:44.192Z,2026-05-21T17:28:33.908Z
npm,,eth-wallet-sentinel,2.0.3,,2026-05-21T17:22:41.073Z,2026-05-21T17:28:19.982Z
npm,,deployment-key-auditor,1.7.3,,2026-05-21T17:22:38.008Z,2026-05-21T17:28:19.298Z
npm,,defi-env-auditor,1.3.3,,2026-05-21T17:22:31.937Z,2026-05-21T17:28:19.214Z
npm,,solidity-deploy-guard,1.4.3,,2026-05-21T17:22:47.167Z,2026-05-21T17:28:18.800Z
npm,,defi-threat-scanner,3.1.3,,2026-05-21T17:22:35.196Z,2026-05-21T17:28:17.877Z
npm,,web3-secrets-detector,2.2.3,,2026-05-21T17:22:53.966Z,2026-05-21T17:28:17.757Z
npm,,wallet-security-checker,2.0.3,,2026-05-21T17:22:50.510Z,2026-05-21T17:28:17.510Z
npm,,crypto-credential-scanner,3.0.3,,2026-05-21T17:22:13.563Z,2026-05-21T17:28:12.993Z
npm,,chain-key-validator,1.2.3,,2026-05-21T17:22:10.714Z,2026-05-21T17:28:11.357Z
npm,,wallet-security-checker,2.0.2,,2026-05-21T16:40:00.540Z,2026-05-21T16:45:25.997Z
npm,,mnemonic-safety-check,1.5.2,,2026-05-21T16:39:54.636Z,2026-05-21T16:45:24.297Z
npm,,defi-env-auditor,1.3.2,,2026-05-21T16:39:42.082Z,2026-05-21T16:45:23.917Z
npm,,defi-threat-scanner,3.1.2,,2026-05-21T16:39:45.232Z,2026-05-21T16:45:23.465Z
npm,,chain-key-validator,1.2.2,,2026-05-21T16:39:35.373Z,2026-05-21T16:45:22.976Z
npm,,solidity-deploy-guard,1.4.2,,2026-05-21T16:39:57.602Z,2026-05-21T16:45:22.456Z
npm,,crypto-credential-scanner,3.0.2,,2026-05-21T16:39:38.661Z,2026-05-21T16:45:22.398Z
npm,,deployment-key-auditor,1.7.2,,2026-05-21T16:39:48.267Z,2026-05-21T16:45:22.235Z
npm,,eth-wallet-sentinel,2.0.2,,2026-05-21T16:39:51.108Z,2026-05-21T16:45:22.227Z
npm,,web3-secrets-detector,2.2.2,,2026-05-21T16:40:03.977Z,2026-05-21T16:45:21.737Z
npm,,solidity-deploy-guard,1.4.1,,2026-05-21T16:18:21.036Z,2026-05-21T16:24:19.538Z
npm,,mnemonic-safety-check,1.5.1,,2026-05-21T16:18:17.681Z,2026-05-21T16:24:15.406Z
npm,,web3-secrets-detector,2.2.1,,2026-05-21T16:18:29.217Z,2026-05-21T16:24:07.366Z
npm,,wallet-security-checker,2.0.1,,2026-05-21T16:18:25.876Z,2026-05-21T16:24:05.937Z
npm,,deployment-key-auditor,1.7.1,,2026-05-21T16:18:10.528Z,2026-05-21T16:24:03.727Z
npm,,defi-env-auditor,1.3.1,,2026-05-21T16:18:03.942Z,2026-05-21T16:24:03.201Z
npm,,crypto-credential-scanner,3.0.1,,2026-05-21T16:18:00.599Z,2026-05-21T16:24:03.099Z
npm,,chain-key-validator,1.2.1,,2026-05-21T16:17:56.971Z,2026-05-21T16:24:02.997Z
npm,,defi-threat-scanner,3.1.1,,2026-05-21T16:18:06.978Z,2026-05-21T16:24:02.714Z
npm,,eth-wallet-sentinel,2.0.1,,2026-05-21T16:18:14.128Z,2026-05-21T16:24:01.051Z
npm,,chain-key-validator,1.2.0,,2026-05-21T14:06:55.146Z,2026-05-21T14:13:34.963Z
npm,,defi-threat-scanner,3.1.0,,2026-05-21T14:07:07.053Z,2026-05-21T14:13:24.511Z
npm,,crypto-credential-scanner,3.0.0,,2026-05-21T14:06:58.333Z,2026-05-21T14:13:23.911Z
npm,,mnemonic-safety-check,1.5.0,,2026-05-21T14:07:17.688Z,2026-05-21T14:13:20.577Z
npm,,solidity-deploy-guard,1.4.0,,2026-05-21T14:07:21.293Z,2026-05-21T14:13:20.211Z
npm,,deployment-key-auditor,1.7.0,,2026-05-21T14:07:10.485Z,2026-05-21T14:13:20.209Z
npm,,web3-secrets-detector,2.2.0,,2026-05-21T14:07:28.706Z,2026-05-21T14:13:19.404Z
npm,,eth-wallet-sentinel,2.0.0,,2026-05-21T14:07:14.051Z,2026-05-21T14:13:19.373Z
npm,,wallet-security-checker,2.0.0,,2026-05-21T14:07:24.691Z,2026-05-21T14:13:19.252Z
npm,,defi-env-auditor,1.3.0,,2026-05-21T14:07:02.275Z,2026-05-21T14:13:18.938Z
npm,,defi-threat-scanner,2.1.3,,2026-05-21T13:43:55.368Z,2026-05-21T14:00:38.727Z
npm,,deployment-key-auditor,0.7.4,,2026-05-21T13:43:58.804Z,2026-05-21T13:52:25.283Z
npm,,wallet-security-checker,1.0.4,,2026-05-21T13:44:18.840Z,2026-05-21T13:51:47.156Z
npm,,eth-wallet-sentinel,1.0.10,,2026-05-21T13:44:02.459Z,2026-05-21T13:51:30.761Z
npm,,mnemonic-safety-check,0.5.3,,2026-05-21T13:44:06.684Z,2026-05-21T13:51:22.418Z
npm,,chain-key-validator,0.2.4,,2026-05-21T13:43:43.663Z,2026-05-21T13:51:21.569Z
npm,,crypto-credential-scanner,2.0.3,,2026-05-21T13:43:47.598Z,2026-05-21T13:51:19.847Z
npm,,solidity-deploy-guard,0.4.5,,2026-05-21T13:44:10.156Z,2026-05-21T13:51:19.521Z
npm,,web3-secrets-detector,1.2.7,,2026-05-21T13:44:22.091Z,2026-05-21T13:51:17.796Z
npm,,defi-env-auditor,0.3.3,,2026-05-21T13:43:51.828Z,2026-05-21T13:51:14.826Z
npm,,wallet-backup-verifier,1.0.2,,2026-05-21T13:44:15.118Z,2026-05-21T13:49:32.945Z
npm,,wallet-security-checker,1.0.3,,2026-05-21T04:30:40.562Z,2026-05-21T04:38:18.702Z
npm,,web3-secrets-detector,1.2.6,,2026-05-21T04:31:36.316Z,2026-05-21T04:37:42.683Z
npm,,defi-env-auditor,0.3.2,,2026-05-21T04:30:56.842Z,2026-05-21T04:37:33.922Z
npm,,defi-threat-scanner,2.1.2,,2026-05-21T04:31:02.458Z,2026-05-21T04:37:32.090Z
npm,,chain-key-validator,0.2.3,,2026-05-21T04:30:46.061Z,2026-05-21T04:37:28.393Z
npm,,crypto-credential-scanner,2.0.2,,2026-05-21T04:30:50.621Z,2026-05-21T04:37:28.098Z
npm,,eth-wallet-sentinel,1.0.9,,2026-05-21T04:31:17.388Z,2026-05-21T04:37:25.115Z
npm,,mnemonic-safety-check,0.5.2,,2026-05-21T04:31:25.391Z,2026-05-21T04:37:20.072Z
npm,,solidity-deploy-guard,0.4.4,,2026-05-21T04:31:30.888Z,2026-05-21T04:37:16.177Z
npm,,crypto-credential-scanner,2.0.1,,2026-05-21T02:52:34.776Z,2026-05-21T02:58:49.866Z
npm,,defi-threat-scanner,2.1.1,,2026-05-21T02:52:48.958Z,2026-05-21T02:58:44.042Z
npm,,wallet-backup-verifier,1.0.1,,2026-05-20T13:35:33.543Z,2026-05-20T13:43:37.401Z
npm,,wallet-backup-verifier,1.0.0,,2026-05-20T12:51:08.158Z,2026-05-20T12:59:22.073Z
npm,,crypto-credential-scanner,2.0.0,,2026-05-19T03:56:20.358Z,2026-05-19T04:02:47.576Z
