query,answer,first_seen,last_seen,type
"24e269f7-8df9-8d3f-0b8b-docviewer.rajesh-das1010.workers.dev","172.67.212.40","2026-07-06 12:22:51","2026-07-07 02:53:17","A"
"24e269f7-8df9-8d3f-0b8b-docviewer.rajesh-das1010.workers.dev","104.21.61.163","2026-07-06 12:22:51","2026-07-07 02:53:17","A"
"7567e759-88a5-18c8-fa0f-docviewer.reynoldsjace5.workers.dev","104.21.89.75","2026-06-15 23:47:00","2026-07-07 01:51:28","A"
"7567e759-88a5-18c8-fa0f-docviewer.reynoldsjace5.workers.dev","172.67.156.245","2026-06-15 23:47:00","2026-07-07 01:51:28","A"
"917bedb0-554e-a8b9-79f1-docviewer.clear90489058903-document.workers.dev","188.114.96.2","2026-07-06 17:53:17","2026-07-06 20:18:15","A"
"917bedb0-554e-a8b9-79f1-docviewer.clear90489058903-document.workers.dev","188.114.97.2","2026-07-06 17:53:17","2026-07-06 20:18:15","A"
"98c4c82e-2d81-0837-e3d6-docviewer.clear90489058903-document.workers.dev","104.21.15.228","2026-06-09 05:06:10","2026-07-06 20:08:43","A"
"98c4c82e-2d81-0837-e3d6-docviewer.clear90489058903-document.workers.dev","172.67.208.41","2026-06-09 05:06:10","2026-07-06 20:08:43","A"
"917bedb0-554e-a8b9-79f1-docviewer.clear90489058903-document.workers.dev","188.114.97.0","2026-05-11 02:49:59","2026-07-06 17:00:30","A"
"917bedb0-554e-a8b9-79f1-docviewer.clear90489058903-document.workers.dev","188.114.96.0","2026-05-11 02:49:59","2026-07-06 17:00:30","A"
"112838d8-9a75-2e90-d63b-docviewer.clear90489058903-document.workers.dev","104.21.15.228","2026-06-11 03:10:40","2026-07-06 16:11:21","A"
"112838d8-9a75-2e90-d63b-docviewer.clear90489058903-document.workers.dev","172.67.208.41","2026-06-11 03:10:40","2026-07-06 16:11:21","A"
"e5469cec-124a-c84f-abaa-docviewer.clear90489058903-document.workers.dev","104.21.15.228","2026-06-10 07:06:44","2026-07-06 04:35:42","A"
"e5469cec-124a-c84f-abaa-docviewer.clear90489058903-document.workers.dev","172.67.208.41","2026-06-10 07:06:44","2026-07-06 04:35:42","A"
"321a1392-939d-3bf5-4040-docviewer.clear90489058903-document.workers.dev","104.21.15.228","2026-04-19 02:21:34","2026-07-05 06:05:13","A"
"321a1392-939d-3bf5-4040-docviewer.clear90489058903-document.workers.dev","172.67.208.41","2026-04-19 02:21:34","2026-07-05 06:05:13","A"
"aquaclaude-09494-9099403-docviewer.clear90489058903-document.workers.dev","104.21.15.228","2026-06-02 16:03:39","2026-07-05 03:45:07","A"
"aquaclaude-09494-9099403-docviewer.clear90489058903-document.workers.dev","172.67.208.41","2026-06-02 16:03:39","2026-07-05 03:45:07","A"
"917bedb0-554e-a8b9-79f1-docviewer.clear90489058903-document.workers.dev","172.67.208.41","2026-06-14 03:58:20","2026-07-04 20:18:33","A"
"917bedb0-554e-a8b9-79f1-docviewer.clear90489058903-document.workers.dev","104.21.15.228","2026-06-14 03:58:20","2026-07-04 20:18:33","A"
"1bfe98b0-6714-be4c-3bf4-docviewer.rajesh-das1010.workers.dev","104.21.61.163","2026-07-03 00:52:57","2026-07-04 02:53:15","A"
"1bfe98b0-6714-be4c-3bf4-docviewer.rajesh-das1010.workers.dev","172.67.212.40","2026-07-03 00:52:57","2026-07-04 02:53:15","A"
"artoken-vuvuzela90001-docviewer.jroot.workers.dev","104.21.78.63","2026-04-11 03:53:12","2026-07-03 18:04:14","A"
"artoken-vuvuzela90001-docviewer.jroot.workers.dev","172.67.217.110","2026-04-11 03:53:12","2026-07-03 18:04:14","A"
"98c4c82e-2d81-0837-e3d6-docviewer.clear90489058903-document.workers.dev","188.114.97.4","2026-06-28 02:52:47","2026-07-02 02:29:30","A"
"98c4c82e-2d81-0837-e3d6-docviewer.clear90489058903-document.workers.dev","188.114.96.4","2026-06-28 02:52:47","2026-07-02 02:29:30","A"
"artoken-vuvuzela90001-docviewer.jroot.workers.dev","188.114.97.2","2026-04-10 00:54:39","2026-07-01 18:05:39","A"
"artoken-vuvuzela90001-docviewer.jroot.workers.dev","188.114.96.2","2026-04-10 00:54:39","2026-07-01 18:05:39","A"
"aquaclaude-09494-9099403-docviewer.clear90489058903-document.workers.dev","188.114.97.4","2026-06-29 18:16:00","2026-07-01 16:17:39","A"
"aquaclaude-09494-9099403-docviewer.clear90489058903-document.workers.dev","188.114.96.4","2026-06-29 18:16:00","2026-07-01 16:17:39","A"
"7567e759-88a5-18c8-fa0f-docviewer.reynoldsjace5.workers.dev","188.114.97.2","2026-06-08 16:14:02","2026-07-01 14:07:34","A"
"7567e759-88a5-18c8-fa0f-docviewer.reynoldsjace5.workers.dev","188.114.96.2","2026-06-08 16:14:02","2026-07-01 14:07:34","A"
"917bedb0-554e-a8b9-79f1-docviewer.clear90489058903-document.workers.dev","188.114.96.4","2026-06-26 15:03:49","2026-06-30 18:42:08","A"
"917bedb0-554e-a8b9-79f1-docviewer.clear90489058903-document.workers.dev","188.114.97.4","2026-06-26 15:03:49","2026-06-30 18:42:08","A"
"112838d8-9a75-2e90-d63b-docviewer.clear90489058903-document.workers.dev","188.114.97.4","2026-06-25 23:18:26","2026-06-30 00:00:11","A"
"112838d8-9a75-2e90-d63b-docviewer.clear90489058903-document.workers.dev","188.114.96.4","2026-06-25 23:18:26","2026-06-30 00:00:11","A"
"e5469cec-124a-c84f-abaa-docviewer.clear90489058903-document.workers.dev","188.114.97.4","2026-05-21 17:22:00","2026-06-29 14:22:42","A"
"e5469cec-124a-c84f-abaa-docviewer.clear90489058903-document.workers.dev","188.114.96.4","2026-05-21 17:22:00","2026-06-29 14:22:42","A"
"321a1392-939d-3bf5-4040-docviewer.clear90489058903-document.workers.dev","188.114.97.2","2026-04-18 00:43:52","2026-06-29 07:32:45","A"
"321a1392-939d-3bf5-4040-docviewer.clear90489058903-document.workers.dev","188.114.96.2","2026-04-18 00:43:52","2026-06-29 07:32:45","A"
"321a1392-939d-3bf5-4040-docviewer.clear90489058903-document.workers.dev","188.114.97.4","2026-06-28 17:15:25","2026-06-28 17:15:25","A"
"321a1392-939d-3bf5-4040-docviewer.clear90489058903-document.workers.dev","188.114.96.4","2026-06-28 17:15:25","2026-06-28 17:15:25","A"
"artoken-vuvuzela90001-docviewer.jroot.workers.dev","188.114.97.4","2026-05-25 15:15:48","2026-06-27 16:28:10","A"
"artoken-vuvuzela90001-docviewer.jroot.workers.dev","188.114.96.4","2026-05-25 15:15:48","2026-06-27 16:28:10","A"
"7567e759-88a5-18c8-fa0f-docviewer.reynoldsjace5.workers.dev","188.114.97.4","2026-06-26 16:16:04","2026-06-26 16:16:04","A"
"7567e759-88a5-18c8-fa0f-docviewer.reynoldsjace5.workers.dev","188.114.96.4","2026-06-26 16:16:04","2026-06-26 16:16:04","A"
"98c4c82e-2d81-0837-e3d6-docviewer.clear90489058903-document.workers.dev","188.114.97.2","2026-04-28 00:53:51","2026-06-26 07:09:06","A"
"98c4c82e-2d81-0837-e3d6-docviewer.clear90489058903-document.workers.dev","188.114.96.2","2026-04-28 00:53:51","2026-06-26 07:09:06","A"
"aquaclaude-09494-9099403-docviewer.clear90489058903-document.workers.dev","188.114.97.2","2026-05-01 00:11:58","2026-06-24 05:44:47","A"
"aquaclaude-09494-9099403-docviewer.clear90489058903-document.workers.dev","188.114.96.2","2026-05-01 00:11:58","2026-06-24 05:44:47","A"
"e5469cec-124a-c84f-abaa-docviewer.clear90489058903-document.workers.dev","188.114.97.2","2026-05-06 01:38:22","2026-06-11 09:10:37","A"
"e5469cec-124a-c84f-abaa-docviewer.clear90489058903-document.workers.dev","188.114.96.2","2026-05-06 01:38:22","2026-06-11 09:10:37","A"
"aquaclaude-09494-9099403-docviewer.clear90489058903-document.workers.dev","188.114.97.3","2026-05-05 15:24:38","2026-06-08 08:51:36","A"
"aquaclaude-09494-9099403-docviewer.clear90489058903-document.workers.dev","188.114.96.3","2026-05-05 15:24:38","2026-06-08 08:51:36","A"
"917bedb0-554e-a8b9-79f1-docviewer.clear90489058903-document.workers.dev","188.114.96.3","2026-05-10 12:33:25","2026-06-08 07:14:47","A"
"917bedb0-554e-a8b9-79f1-docviewer.clear90489058903-document.workers.dev","188.114.97.3","2026-05-10 12:33:25","2026-06-08 07:14:47","A"
"e5469cec-124a-c84f-abaa-docviewer.clear90489058903-document.workers.dev","188.114.97.3","2026-05-06 01:53:22","2026-06-08 06:20:03","A"
"e5469cec-124a-c84f-abaa-docviewer.clear90489058903-document.workers.dev","188.114.96.3","2026-05-06 01:53:22","2026-06-08 06:20:03","A"
"7567e759-88a5-18c8-fa0f-docviewer.reynoldsjace5.workers.dev","188.114.97.3","2026-05-12 12:49:03","2026-06-06 18:22:52","A"
"7567e759-88a5-18c8-fa0f-docviewer.reynoldsjace5.workers.dev","188.114.96.3","2026-05-12 12:49:03","2026-06-06 18:22:52","A"
"321a1392-939d-3bf5-4040-docviewer.clear90489058903-document.workers.dev","188.114.96.3","2026-04-18 00:53:13","2026-06-06 06:15:39","A"
"321a1392-939d-3bf5-4040-docviewer.clear90489058903-document.workers.dev","188.114.97.3","2026-04-18 00:53:13","2026-06-06 06:15:39","A"
"98c4c82e-2d81-0837-e3d6-docviewer.clear90489058903-document.workers.dev","188.114.97.3","2026-05-05 15:45:08","2026-06-06 04:29:29","A"
"98c4c82e-2d81-0837-e3d6-docviewer.clear90489058903-document.workers.dev","188.114.96.3","2026-05-05 15:45:08","2026-06-06 04:29:29","A"
"112838d8-9a75-2e90-d63b-docviewer.clear90489058903-document.workers.dev","188.114.97.3","2026-04-30 02:53:14","2026-06-05 06:35:16","A"
"112838d8-9a75-2e90-d63b-docviewer.clear90489058903-document.workers.dev","188.114.96.3","2026-04-30 02:53:14","2026-06-05 06:35:16","A"
"artoken-vuvuzela90001-docviewer.jroot.workers.dev","188.114.97.3","2026-04-10 01:53:31","2026-06-04 05:08:52","A"
"artoken-vuvuzela90001-docviewer.jroot.workers.dev","188.114.96.3","2026-04-10 01:53:31","2026-06-04 05:08:52","A"
"7567e759-88a5-18c8-fa0f-docviewer.reynoldsjace5.workers.dev","188.114.96.0","2026-05-13 03:55:23","2026-05-13 03:55:23","A"
"7567e759-88a5-18c8-fa0f-docviewer.reynoldsjace5.workers.dev","188.114.97.0","2026-05-13 03:55:23","2026-05-13 03:55:23","A"
"aquaclaude-09494-9099403-docviewer.clear90489058903-document.workers.dev","188.114.96.0","2026-05-02 04:09:23","2026-05-02 04:09:23","A"
"aquaclaude-09494-9099403-docviewer.clear90489058903-document.workers.dev","188.114.97.0","2026-05-02 04:09:23","2026-05-02 04:09:23","A"
"112838d8-9a75-2e90-d63b-docviewer.clear90489058903-document.workers.dev","188.114.96.0","2026-04-30 02:03:44","2026-04-30 02:03:44","A"
"112838d8-9a75-2e90-d63b-docviewer.clear90489058903-document.workers.dev","188.114.97.0","2026-04-30 02:03:44","2026-04-30 02:03:44","A"
"112838d8-9a75-2e90-d63b-docviewer.clear90489058903-document.workers.dev","188.114.97.2","2026-04-29 01:09:00","2026-04-29 01:09:00","A"
"112838d8-9a75-2e90-d63b-docviewer.clear90489058903-document.workers.dev","188.114.96.2","2026-04-29 01:09:00","2026-04-29 01:09:00","A"
"321a1392-939d-3bf5-4040-docviewer.clear90489058903-document.workers.dev","188.114.96.0","2026-04-19 02:21:34","2026-04-19 02:21:35","A"
"321a1392-939d-3bf5-4040-docviewer.clear90489058903-document.workers.dev","188.114.97.0","2026-04-19 02:21:34","2026-04-19 02:21:35","A"
"artoken-vuvuzela90001-docviewer.jroot.workers.dev","188.114.96.0","2026-04-11 02:56:24","2026-04-11 02:56:30","A"
"artoken-vuvuzela90001-docviewer.jroot.workers.dev","188.114.97.0","2026-04-11 02:56:24","2026-04-11 02:56:30","A"